title,titleUrl,date,timestamp,channelName,channelId,isSubscribed
„Äê‰∏ÄËá¥„ÇØ„Ç§„Ç∫„ÄëTAMY‰ª≤ËâØ„ÅóÂ∫¶„ÉÅ„Çß„ÉÉ„ÇØ„Åæ„Åï„Åã„ÅÆÁµêÊú´‚ùóÔ∏è‚ùì,https://www.youtube.com/watch?v=9mlOlkSo_fw,2023-04-03,21:10:05,TAMY Climbing Channel,UCx3XxWczzWgm1bLmgdeQJMw,true
How to Play Fox in the Forest Duet | How to Game with Becca Scott,https://www.youtube.com/watch?v=zc8aNVO0QMk,2023-04-03,21:01:23,Good Time Society,UCBRTbbK-avyRJSSJ2GyHs_w,false
A Day in the Life of Lattice Training (The Office Parody),https://www.youtube.com/watch?v=UBsqP_OSJy0,2023-04-03,15:35:35,Lattice Training,UCMQzIsi7kwz1_xZjqNhz9kw,true
Elemental | Official Trailer,https://www.youtube.com/watch?v=hXzcyx9V0xw,2023-04-02,10:13:25,Pixar,UC_IRYSp4auq7hKLvziWVH6w,false
Infant Macaque Kidnapped | 4K UHD | Seven Worlds One Planet | BBC Earth,https://www.youtube.com/watch?v=2nkBa3Kr9VA,2023-04-02,09:50:13,BBC Earth,UCwmZiChSryoWQCZMIQezgTg,true
„Äê‰∏ÄËá¥„ÇØ„Ç§„Ç∫„ÄëTAMY‰ª≤ËâØ„ÅóÂ∫¶„ÉÅ„Çß„ÉÉ„ÇØ„Åæ„Åï„Åã„ÅÆÁµêÊú´‚ùóÔ∏è‚ùì,https://www.youtube.com/watch?v=9mlOlkSo_fw,2023-04-01,21:41:21,TAMY Climbing Channel,UCx3XxWczzWgm1bLmgdeQJMw,true
Bullhorn Acacia: The Spiky Plant With Brainwashed Ant Minions,https://www.youtube.com/watch?v=1vSlihXSovE,2023-04-01,11:38:39,Animalogic,UCwg6_F2hDHYrqbNSGjmar4w,true
A total game changer for slab climbing,https://www.youtube.com/watch?v=JegsjaX3TzY,2023-03-31,14:07:46,Hannah Morris Bouldering,UCd41X9UCCXAgruATzShEl4w,false
Improve your Climbing Technique with Pro Climber Jenya Kazbekova,https://www.youtube.com/watch?v=7j7DDLxI2YA,2023-03-31,13:51:02,Hannah Morris Bouldering,UCd41X9UCCXAgruATzShEl4w,false
Close Call For These Brown Bear Cubs | 4K UHD | Seven Worlds One Planet | BBC Earth,https://www.youtube.com/watch?v=Ocqwvvd1PmE,2023-03-31,10:03:05,BBC Earth,UCwmZiChSryoWQCZMIQezgTg,true
Conan Catches Jordan Schlansky Coming In Late | CONAN on TBS,https://www.youtube.com/watch?v=Auh74d_OG8Y,2023-03-31,01:17:49,Team Coco,UCi7GJNg51C3jgmYTUwqoUXA,false
SHOCKING slug mating üò≥ | Wild Isles,https://www.youtube.com/watch?v=LT3FSHlckDU,2023-03-30,23:36:26,BBC,UCCj956IF62FbT7Gouszaj9w,false
"How to Make a Collage - Materials, Composition, and Tips",https://www.youtube.com/watch?v=sLooH5Y_Rk8,2023-03-30,17:40:50,Mr. Otter Art Studio,UCvmMvsUlfoy6TZ-YtpCSR_w,false
Unicorn: Warriors Eternal | OFFICIAL TRAILER | adult swim,https://www.youtube.com/watch?v=KbeNXwd9uLg,2023-03-30,00:31:49,Adult Swim,UCgPClNr5VSYC3syrDUIlzLw,false
Nobody Loves Reverend Putty | Moral Orel | adult swim,https://www.youtube.com/watch?v=-MzCwqWuMFY,2023-03-28,00:34:18,Adult Swim,UCgPClNr5VSYC3syrDUIlzLw,false
CRIMPS Masterclass with Olympian Shauna Coxsey,https://www.youtube.com/watch?v=sbmT1ztuBbs,2023-03-28,00:28:30,Hannah Morris Bouldering,UCd41X9UCCXAgruATzShEl4w,false
The Science Behind Controversial New Weight Loss Drugs Like Ozempic,https://www.youtube.com/watch?v=TgeUn_afK1E,2023-03-28,00:24:04,Daniela Hernandez | WSJ,UCZh2cjNAEMVguN1Lg00IWNA,false
Insane 360¬∫ Crack Climbing Move,https://www.youtube.com/watch?v=3W7gluZGORc,2023-03-28,00:21:48,Wide Boyz,UCjq6e7k_pkOkrBD2Qieqxnw,true
Carnivorous UNDERCOVER caterpillar üêõüòé | Wild Isles - BBC,https://www.youtube.com/watch?v=4JoEWdV7tpQ,2023-03-27,18:00:02,BBC,UCCj956IF62FbT7Gouszaj9w,false
Paragliding Alongside Eagles | Natural World: Super Powered Eagles | BBC Earth,https://www.youtube.com/watch?v=ew5ShWpaMC0,2023-03-27,13:21:00,BBC Earth,UCwmZiChSryoWQCZMIQezgTg,true
10 Posca Pen Tips for Beginners,https://www.youtube.com/watch?v=es-qHnpYQqo,2023-03-27,11:23:43,Kasey Golden,UCNwJz8-bLJge72TzJu4ARUA,false
Michelle Yeoh Looks Back On Her Most Famous Stunts & Roles | Entertainment Weekly,https://www.youtube.com/watch?v=C6t7KjbSty8,2023-03-26,19:16:52,Entertainment Weekly,UClWCQNaggkMW7SDtS3BkEBg,false
„Äê#AJ2023 LIVE Stream„Äë Day 2 with EN subs | Netflix Japan,https://www.youtube.com/watch?v=XdRSUDKKwzs,2023-03-26,19:15:32,Netflix Japan,UCv2ejD5B1xOYtGB2cf80B8g,false
PUMP1 Kawaguchi 1Q,https://www.youtube.com/watch?v=cSYWm-uYGaw,2023-03-26,18:58:21,OnlineObservation,UClAWE1K1CjJqsEu_PgERyXg,true
Analyzing Geospatial Data in R (Sherrie Xie),https://www.youtube.com/watch?v=DD7bXonh-_E,2023-03-25,16:37:13,R Consortium,UC_R5smHVXRYGhZYDJsnXTwg,false
"ÏõîÎìúÌÅ¥ÎùºÏä§ ÍπÄÏûêÏù∏ ÏÑ†ÏàòÏóêÍ≤å Ï∞∏ÍµêÏú° ÎãπÌïòÎäî ÌïúÌòúÏßÑÔΩúÌÅ¥ÎùºÏù¥Î∞ç, ÏïîÎ≤ΩÏó¨Ï†ú, ÌÜ±Î™®Îç∏",https://www.youtube.com/watch?v=iGw4vOaZHbw,2023-03-25,10:48:07,ÌïúÌòúÏßÑ Han Hye Jin,UCkvh3vrWsoi_cd7HyiikzIQ,false
Digman! ‚Äì Season 1 Premiere ‚Äì Full Episode,https://www.youtube.com/watch?v=r3ImNjsopK4,2023-03-25,10:25:46,Comedy Central,UCUsN5ZwHx2kILm84-jPDeXw,false
it might've been nice to know this before dying,https://www.youtube.com/watch?v=tjdYmQBonew,2023-03-25,00:50:06,Joel Haver,UCVIFCOJwv3emlVmBbPCZrvw,true
The Marvelous Mrs. Maisel Season 5 - Official Trailer | Prime Video,https://www.youtube.com/watch?v=Nyujqc01ujE,2023-03-25,00:05:08,Prime Video,UCQJWtTnAHhEG5w4uN0udnUQ,false
China hits back after US lawmakers push for TikTok ban in 5-hour grilling,https://www.youtube.com/watch?v=9h201Sg_vyQ,2023-03-24,23:58:08,CNA,UC83jt4dlz1Gjl58fzQrrKZg,false
We Went Inside a Crocodile Cave I Scary Reptiles Underwater (4K),https://www.youtube.com/watch?v=9PBwAlbiVbg,2023-03-24,23:55:18,Terra Mater,UCK2Dxvy9H1NojirvaxnEnqw,true
Alex Puccio takes you through 3 quick tips to help you improve your climbing,https://www.youtube.com/watch?v=7lSAER3Zo8I,2023-03-24,23:44:27,ROAP Coaching,UCKTSAIi67jEFKJ3NulUqRBg,false
"A newly born baby seal, rolling around. They are  dyed yellow by  mother's amniotic fluid.",https://www.youtube.com/watch?v=y-msnjwgqIc,2023-03-24,01:49:45,Baby Harp Seal ch,UCmCSmk9XZfrxMpTMOhLYJkg,true
[Yellow coat] Just new born baby Harp Seal,https://www.youtube.com/watch?v=qPo8ErbsLNs,2023-03-24,01:46:45,Baby Harp Seal ch,UCmCSmk9XZfrxMpTMOhLYJkg,true
Adorable Seal Pup Starts to Explore | Frozen Planet II | BBC Earth,https://www.youtube.com/watch?v=BG_zMQtYB_E,2023-03-24,01:44:16,BBC Earth,UCwmZiChSryoWQCZMIQezgTg,true
Are Underwater Farms the Future of Food? | Our Frozen Planet I BBC Earth,https://www.youtube.com/watch?v=93nk2xIRcbk,2023-03-24,01:43:21,BBC Earth,UCwmZiChSryoWQCZMIQezgTg,true
Chart Chat #39: Spencer Schien and Innovations in Mapping,https://www.youtube.com/watch?v=BkXgs-8jP-k,2023-03-23,22:34:00,Chart Chat,UCMHkHXuGJEeHEk8hBDuFTOQ,false
Learn Vite ‚Äì Frontend Build Tool Course,https://www.youtube.com/watch?v=VAeRhmpcWEQ,2023-03-23,21:18:44,freeCodeCamp.org,UC8butISFwT-Wl7EV0hUK0BQ,true
Why I Gave Up Being a Lawyer To Serve Coffee,https://www.youtube.com/watch?v=rohgcLDZ-DY,2023-03-23,17:22:53,OGS,UCsiZ4QJyWTdbtB2cfyDPApA,false
Susan's Father's Secret Is Revealed | The Cheever Letters | Seinfeld,https://www.youtube.com/watch?v=NyT3jlANQ_Q,2023-03-23,17:13:02,Seinfeld,UCKv01ZGOJhp2HbtDe4EvS8A,false
Worlds firsts with Alex Honnold || Fontainebleau üá´üá∑,https://www.youtube.com/watch?v=Q86b5kzLPk0,2023-03-23,01:57:03,Bouldering Bobat,UCIRjdHLsHq6xdtAHAmoueqg,true
George Gets A Wedgie From His Gym Teacher | The Library | Seinfeld,https://www.youtube.com/watch?v=QNJYA58s59M,2023-03-21,21:47:19,Seinfeld,UCKv01ZGOJhp2HbtDe4EvS8A,false
THE NORTH FACE CUP 2023 DAY2 FINALS,https://www.youtube.com/watch?v=zcoXOmyjMKY,2023-03-21,20:58:47,ONEbouldering,UCl7aKrOTVKcA7U6-vEOb6Fw,false
D3 and Data Visualization - Session 1,https://www.youtube.com/watch?v=ZVT3sCWVPXQ,2023-03-21,17:29:26,Data Visualization Society,UCDvDHr5CYKBrbwaqRs04LPw,true
The Other Ip Man Movies (Are Kinda Good) | Video Essay,https://www.youtube.com/watch?v=yLuRdJY9210,2023-03-21,16:08:47,Accented Cinema,UCH_VqR5rFFhgjZmM31xA3Ag,true
"My Name is Yang, and This is Accented Cinema | Channel Update",https://www.youtube.com/watch?v=sG9XV3MgMa8,2023-03-21,16:07:09,Accented Cinema,UCH_VqR5rFFhgjZmM31xA3Ag,true
The Rab Climbing Works International Festival 2023 (CWIF) - Finals,https://www.youtube.com/watch?v=yt1GTooReAY,2023-03-21,00:05:39,The Climbing Works,UClKahafBPFBR2uwkqdBCnlg,false
The Desexualization of Asian Men in Hollywood | Video Essay,https://www.youtube.com/watch?v=TTh1k-40-ec,2023-03-19,21:21:06,Accented Cinema,UCH_VqR5rFFhgjZmM31xA3Ag,true
Learn Svelte ‚Äì Full Course for Beginners,https://www.youtube.com/watch?v=UGBJHYpHPvA,2023-03-19,19:34:35,freeCodeCamp.org,UC8butISFwT-Wl7EV0hUK0BQ,true
THE NORTH FACE CUP 2023 DAY2 FINALS,https://www.youtube.com/watch?v=zcoXOmyjMKY,2023-03-19,16:04:52,ONEbouldering,UCl7aKrOTVKcA7U6-vEOb6Fw,false
THE NORTH FACE CUP 2023 DAY2 SEMI FINALS,https://www.youtube.com/watch?v=-_WWsX9aKVc,2023-03-19,16:04:38,ONEbouldering,UCl7aKrOTVKcA7U6-vEOb6Fw,false
Embedr.eu & Omeka at IIIF: Access to the World's Images - Ghent 2015,https://www.youtube.com/watch?v=ZQmrNorXIfQ,2023-03-18,23:45:54,MapTiler,UCubcQeWuBKvqpMu172CLEXw,false
HOUSE Meisterschaft 2023 Masters Highlights | Bouldering,https://www.youtube.com/watch?v=1kRaGd5GYo8,2023-03-17,22:39:30,BLOC House,UCSnxeea0xVqGh-BKXjvz44A,true
„ÄêÊó•Êú¨Ë®òÈå≤Êõ¥Êñ∞üöÄ„ÄëÊøÄÈóò„ÅÆ„Çπ„Éî„Éº„Éâ„Ç∏„É£„Éë„É≥„Ç´„ÉÉ„Éóüî•üî•,https://www.youtube.com/watch?v=BhfHCAxhrxE,2023-03-17,20:27:34,TAMY Climbing Channel,UCx3XxWczzWgm1bLmgdeQJMw,true
"Taking on Big Tech: A Computer Scientist's Battle for Privacy, Truth, and AI",https://www.youtube.com/watch?v=oKkzVII_wHQ,2023-03-17,19:22:01,Quanta Magazine,UCTpmmkp1E4nmZqWPS-dl5bg,false
Ted the Tree Huger Bomber | Your Pretty Face Is Going to Hell | adult swim,https://www.youtube.com/watch?v=NPJ-MwvIbRE,2023-03-17,19:19:33,Adult Swim,UCgPClNr5VSYC3syrDUIlzLw,false
B-PUMP Ogikubo 3Q,https://www.youtube.com/watch?v=2FM1wegyMN8,2023-03-17,19:15:51,OnlineObservation,UClAWE1K1CjJqsEu_PgERyXg,true
New gym means new boulders!,https://www.youtube.com/watch?v=8TZbt3GKN-4,2023-03-17,17:57:05,Sofya Yokoyama,UCZ4_7FcmF_Kahg05ppmzL7g,false
Panda Mother Teaches Cub How to Eat Bamboo | 4KUHD | China: Natures Ancient Kingdom | BBC Earth,https://www.youtube.com/watch?v=YdP2fFyjBWQ,2023-03-17,10:59:04,BBC Earth,UCwmZiChSryoWQCZMIQezgTg,true
Up the Wall (Trailer),https://www.youtube.com/watch?v=PapVugUR1CY,2023-03-17,10:51:26,Lien Foundation,UCNgj7PgEkqKl9G_KawP2Tsw,false
North Korea fires long range missile ahead of Japan-South Korea talks ‚Äì BBC News,https://www.youtube.com/watch?v=IdCtAGRqrlA,2023-03-16,23:24:25,BBC News,UC16niRr50-MSBwiO3YDb3RA,false
Antarctica: Life Emerging,https://www.youtube.com/watch?v=jsDhxk9f5FY,2023-03-16,22:26:56,Yo-Yo Ma,UCHWa5v6bbSxpns7mUfC3e5g,true
"Yo-Yo Ma and Friends Explore Bach, Meaning, and Purpose",https://www.youtube.com/watch?v=HPs-IUKWoQ4,2023-03-16,22:26:12,Yo-Yo Ma,UCHWa5v6bbSxpns7mUfC3e5g,true
Robot Chicken | Muppet Murder Mystery | Adult Swim UK üá¨üáß,https://www.youtube.com/watch?v=z05PmnJxY10,2023-03-16,18:17:25,Adult Swim UK,UCHcMtE3EiKmqrJZBZyUBuRQ,false
This Painting Is More Dangerous Than It Seems. Here's Why.,https://www.youtube.com/watch?v=0XzMRYoX2eY,2023-03-16,18:11:53,Art Deco,UCHH2vhhi45Ar3fOl7SmUvnA,false
Bali plans to end visas-on-arrival for Russian and Ukrainian tourists after series of violations,https://www.youtube.com/watch?v=MNInzq0YHwg,2023-03-16,12:02:27,South China Morning Post,UC4SUWizzKc1tptprBkWjX2Q,false
Harvard Professor Answers Happiness Questions From Twitter | Tech Support | WIRED,https://www.youtube.com/watch?v=vTmixSgeOI0,2023-03-15,22:35:56,WIRED,UCftwRNsjfRo08xYE31tkiyw,true
B-PUMP Ogikubo 2Q,https://www.youtube.com/watch?v=1mofSK-Iop4,2023-03-15,22:17:52,OnlineObservation,UClAWE1K1CjJqsEu_PgERyXg,true
Smartphone apps and honour systems: Singapore firms get creative with flexible work arrangements,https://www.youtube.com/watch?v=dYtluHShmVw,2023-03-15,18:49:47,CNA,UC83jt4dlz1Gjl58fzQrrKZg,false
Power Endurance laps at Long Beach Rising.,https://www.youtube.com/watch?v=YV_1dy7-bq8,2023-03-15,18:48:14,Ross Fulkerson  ,UC84S_JcTHwx_NBu84qWH0Xg,true
Next Level Warm-Up Exercises.,https://www.youtube.com/watch?v=FYTUmXvAtP8,2023-03-15,18:47:32,Ross Fulkerson  ,UC84S_JcTHwx_NBu84qWH0Xg,true
Retsuko's Mom Finds Out She's Living with Haida | Aggretsuko | Clip | Netflix Anime,https://www.youtube.com/watch?v=nJ7OVw--xh0,2023-03-15,18:18:29,Netflix Anime,UCBSs9x2KzSLhyyA9IKyt4YA,false
Back to Back Comps in Salt Lake City Pt.1,https://www.youtube.com/watch?v=udeFacEAqwY,2023-03-15,14:11:12,Ross Fulkerson  ,UC84S_JcTHwx_NBu84qWH0Xg,true
Indoors Fear of Falling training - FOF P5,https://www.youtube.com/watch?v=ZMIObBZvNh4,2023-03-15,13:44:13,Hard Is Easy,UCnbbOxqwPK2lfkEP3FzIf2Q,true
6 steps to overcome your fear of falling,https://www.youtube.com/watch?v=0nW2_Kg8VRw,2023-03-15,13:43:48,The Insiders - Climbing TV,UCdSLRV2D_Aoj7y27h63Sc-A,false
How Climbers Can Control Fear,https://www.youtube.com/watch?v=33ODIivxhF8,2023-03-15,13:42:28,Lattice Training,UCMQzIsi7kwz1_xZjqNhz9kw,true
Fear of Lead Climbing | Fear of Falling Masterclass,https://www.youtube.com/watch?v=K5klKHt5Vys,2023-03-15,13:41:02,Climbing Psychology,UCh_uKaHT6EWvyZG55rhYK3Q,false
Overcoming The Fear Of Falling | Arc‚Äôteryx Alpine Academy 2022 ‚Äì Day 1,https://www.youtube.com/watch?v=H5NNrTgpS7c,2023-03-15,13:39:46,EpicTV Climbing Daily,UCIRIbjrEHserQZ6O1Jd9wrg,true
SGH offering new treatment option for patients with obstructive sleep apnoea,https://www.youtube.com/watch?v=Xg01J5QARl4,2023-03-15,11:59:50,CNA,UC83jt4dlz1Gjl58fzQrrKZg,false
This Painting Isn't As Innocent As It Seems. Here's Why.,https://www.youtube.com/watch?v=Hzjs2jVmhmg,2023-03-14,18:41:43,Art Deco,UCHH2vhhi45Ar3fOl7SmUvnA,false
Jerry & Kramer Become Blood Brothers | The Blood | Seinfeld,https://www.youtube.com/watch?v=IjVdKdIXrxM,2023-03-14,18:33:43,Seinfeld,UCKv01ZGOJhp2HbtDe4EvS8A,false
Migrant Death Map,https://www.youtube.com/watch?v=cHwliG3Qchc,2023-03-14,17:38:38,Koopi,UCl1BsNDwYQRP3J1CVwpQFHA,false
Migrant Death Map,https://www.youtube.com/watch?v=cHwliG3Qchc,2023-03-13,23:46:34,Koopi,UCl1BsNDwYQRP3J1CVwpQFHA,false
Bhing's Intro,https://www.youtube.com/watch?v=cJS7FhTHsHY,2023-03-13,23:30:33,Migrant Death Map,UCh5DgAScZhc1iCUdhi7xiCA,false
Wild Hamsters Thriving in Viennese Graveyards I Coexistence I BBC Earth,https://www.youtube.com/watch?v=4F5iYBArTGw,2023-03-13,01:40:40,BBC Earth,UCwmZiChSryoWQCZMIQezgTg,true
welcome to the Slab Lab üòµ‚Äçüí´,https://www.youtube.com/watch?v=Sly2Ik216DU,2023-03-13,01:24:07,Anna Hazelnutt,UCyGqObd717uKwGWf_KdNbXw,false
How to change your life in 2 minutes,https://www.youtube.com/watch?v=8hk6o6VTkkw,2023-03-13,01:20:18,Cajun Koi Academy,UCBX_-ls-dXuhFNSWSXcHrTA,false
Studio Bloc Masters 2023 - Finals,https://www.youtube.com/watch?v=ZcyHqrzh7Bg,2023-03-13,01:15:31,Studio Bloc,UC1Ja50gUc9gEgLy5XdyLoDg,false
10 Pieces for Your Wedding (That are not Canon in D),https://www.youtube.com/watch?v=D3_HguOTmWo,2023-03-12,17:11:04,TwoSetViolin,UCAzKFALPuF_EPe-AEI0WFFw,true
welcome to the Slab Lab üòµ‚Äçüí´,https://www.youtube.com/watch?v=Sly2Ik216DU,2023-03-11,22:21:55,Anna Hazelnutt,UCyGqObd717uKwGWf_KdNbXw,false
Why Thousands of Americans Say that Bird Watching Goes Both Ways I Birds Aren't Real Movement,https://www.youtube.com/watch?v=LfdbMeXbsD8,2023-03-11,12:38:19,Terra Mater,UCK2Dxvy9H1NojirvaxnEnqw,true
HUNGER | Official Trailer | Netflix,https://www.youtube.com/watch?v=h61PbLOmyY0,2023-03-11,12:28:54,Netflix,UCWOA1ZGywLbqmigxE4Qlvuw,false
MapLibre | Map with a marker using JavaScript #1,https://www.youtube.com/watch?v=J2mkbDb8b4k,2023-03-11,00:36:16,MapTiler,UCubcQeWuBKvqpMu172CLEXw,false
Use Mapbox for Free? Mapbox vs MapLibre,https://www.youtube.com/watch?v=pZXjWKpHyJM,2023-03-11,00:32:36,Learn with Mapster,UCfbJD6tVezp-M5yZaADtrhA,false
MapLibre: Community driven Mapbox GL fork #SotM2021,https://www.youtube.com/watch?v=_Tihvu1FH4o,2023-03-11,00:30:00,MapTiler,UCubcQeWuBKvqpMu172CLEXw,false
Campus Masterclass to improve your climbing power,https://www.youtube.com/watch?v=FHez5xguJCU,2023-03-10,19:36:03,Hannah Morris Bouldering,UCd41X9UCCXAgruATzShEl4w,false
Power House: EP2 | Cloe Coscoy,https://www.youtube.com/watch?v=mZ66PQ6VUlo,2023-03-10,19:26:32,La Sportiva North America,UCvMMobSX_K4nX9jPjtlCAgw,false
The Best Season 6 Moments Voted for by YOU! - The Office US,https://www.youtube.com/watch?v=u-OC5jztWcw,2023-03-10,10:51:15,The Office,UCa90xqK2odw1KV5wHU9WRhg,false
Kramer Pretends To Be Elaine's Boyfriend | The Watch | Seinfeld,https://www.youtube.com/watch?v=-86Sv2DPBk8,2023-03-10,10:44:10,Seinfeld,UCKv01ZGOJhp2HbtDe4EvS8A,false
The cheat code of dynamic climbing #bouldering,https://www.youtube.com/watch?v=2i6E_hKGzVg,2023-03-10,10:43:39,Hannah Morris Bouldering,UCd41X9UCCXAgruATzShEl4w,false
Saving Lahille's Bottlenose Dolphins | Reports From The Frontline | BBC Earth,https://www.youtube.com/watch?v=qr8Gpr13H08,2023-03-10,10:41:42,BBC Earth,UCwmZiChSryoWQCZMIQezgTg,true
What do milk alternatives really do for the environment? #shorts #science #SciShow,https://www.youtube.com/watch?v=aaAeiUbH9po,2023-03-09,22:55:37,SciShow,UCZYTClx2T1of7BRZ86-8fow,false
Kramer Has A Low Sperm Count | The Chinese Woman | Seinfeld,https://www.youtube.com/watch?v=cAMQVrFN3As,2023-03-09,22:44:48,Seinfeld,UCKv01ZGOJhp2HbtDe4EvS8A,false
'Sushi terror' pranks cause outrage in Japan as arrests are made - BBC News,https://www.youtube.com/watch?v=2BHN0-BtVVw,2023-03-09,22:40:48,BBC News,UC16niRr50-MSBwiO3YDb3RA,false
How a female mayor in Tokyo is fighting Japan's sexist attitudes - BBC News,https://www.youtube.com/watch?v=iuhah9HzJJA,2023-03-09,02:23:43,BBC News,UC16niRr50-MSBwiO3YDb3RA,false
"The Lives of Pumas, Eagles, Whales and More | Relax With Nature | The Wild Place | BBC Earth",https://www.youtube.com/watch?v=eIJNjEp-By0,2023-03-09,02:19:47,BBC Earth,UCwmZiChSryoWQCZMIQezgTg,true
A Jet Lagged Bouldering Session In Tokyo | Climbing Daily Ep.2091,https://www.youtube.com/watch?v=GELP-5unM0Y,2023-03-09,00:40:23,EpicTV Climbing Daily,UCIRIbjrEHserQZ6O1Jd9wrg,true
Dock Masters 2023 Finals,https://www.youtube.com/watch?v=CB-EyuRidGA,2023-03-08,00:24:08,Boulderhal Energiehaven - Bouldering gym,UCBF_A4ONS_ahdHYseOtAbSg,false
„ÄêÂâç‰ª£Êú™ËÅû‚ÅâÔ∏é„Äë1ÊâãÁõÆËêΩ„Å°„ÅØ„É™„Éº„ÉÅ„ÅÆ„Åõ„ÅÑÔºü„É™„Éº„ÉâÊ±∫Âãù„Çí„É†„Éº„ÉñÁöÑÂæπÂ∫ïËß£Ë™¨ÔºÅ,https://www.youtube.com/watch?v=TYSxSey3_WI,2023-03-08,00:08:01,Â∞æÂ∑ùÂÖàÁîü„ÅÆ„Çπ„Éù„Éº„ÉÑ„ÇØ„É©„Ç§„Éü„É≥„Ç∞Ëß£Ë™¨„ÉÅ„É£„É≥„Éç„É´,UCBtRI97Yh3l6pZzLvBYPq8Q,false
How Companies Are Pushing Out Workers While Avoiding ‚ÄòLayoffs‚Äô | Your Money Briefing | WSJ,https://www.youtube.com/watch?v=0utUU6chpss,2023-03-07,23:59:49,Wall Street Journal,UCK7tptUDHh-RYDsdxO1-5QQ,false
You Can‚Äôt Actually Die Of Old Age,https://www.youtube.com/watch?v=faBxGmxKTxE,2023-03-07,13:27:43,MinuteEarth,UCeiYXex_fwgYDonaTcSIk6w,true
Dock Masters 2023 Finals,https://www.youtube.com/watch?v=CB-EyuRidGA,2023-03-06,17:33:20,Boulderhal Energiehaven - Bouldering gym,UCBF_A4ONS_ahdHYseOtAbSg,false
Dock Masters 2023 - Semi Final,https://www.youtube.com/watch?v=THpadUBasto,2023-03-06,00:23:22,Boulderhal Energiehaven - Bouldering gym,UCBF_A4ONS_ahdHYseOtAbSg,false
The Japan You Never Knew | VICE Guide to Ehime,https://www.youtube.com/watch?v=uWD-QQl8phc,2023-03-05,20:40:50,VICE,UCn8zNIfYAQNdrFRrr8oibKw,false
China‚Äôs Douyin performers stream outdoors at night to earn higher tips,https://www.youtube.com/watch?v=1v-cFYTrpIE,2023-03-05,20:34:38,South China Morning Post,UC4SUWizzKc1tptprBkWjX2Q,false
George & Elaine Hang Out Alone | The Dog | Seinfeld,https://www.youtube.com/watch?v=UwyGX1byZOM,2023-03-05,20:25:45,Seinfeld,UCKv01ZGOJhp2HbtDe4EvS8A,false
World Wide Privacy Tour | South Park | Comedy Central Africa,https://www.youtube.com/watch?v=2N8_5LDkZwY,2023-03-05,10:36:19,Comedy Central Africa,UCRmDJhK_ocN5jXBRIEAyNXg,false
2023 National Team Trials - Women's Lead Finals,https://www.youtube.com/watch?v=AfvbWnGgBIE,2023-03-05,01:17:58,USA Climbing,UCAthhtcB-Aa5yDg8ECTTqcA,false
2023 National Team Trials - Women Boulder Finals,https://www.youtube.com/watch?v=Va42BYVguvo,2023-03-05,01:01:03,USA Climbing,UCAthhtcB-Aa5yDg8ECTTqcA,false
"Deutschland Cup #6 S√ºdbloc ‚Äì Saison 22/23 ‚Äì u.a. mit Daria Nesterenko, Linus Raatz, Jasmin Schr√∂der",https://www.youtube.com/watch?v=u7frxWMGjfA,2023-03-05,00:59:39,Die Techniker Boulder Bundesliga,UCKFdPfB8a5nMCO_7KvXZs3Q,true
2023 National Team Trials - Women Boulder Finals,https://www.youtube.com/watch?v=Va42BYVguvo,2023-03-04,22:48:33,USA Climbing,UCAthhtcB-Aa5yDg8ECTTqcA,false
Weaver Ants Use Their Children as Cement | 4KUHD | China: Nature's Ancient Kingdom | BBC Earth,https://www.youtube.com/watch?v=zYdqWpgZWHs,2023-03-04,22:11:15,BBC Earth,UCwmZiChSryoWQCZMIQezgTg,true
Roller Skaters Try To Keep Up With Figure Skaters | SELF,https://www.youtube.com/watch?v=KD478uUv9wg,2023-03-04,20:30:10,SELF,UCGiSCVGNukLqv8hwpKCsQKQ,false
How the Way You Respond to Anxiety Changes Your Life - S√∏ren Kierkegaard on Angst,https://www.youtube.com/watch?v=ZQkby8bl8yE,2023-03-04,20:16:39,Pursuit of Wonder,UC-tLyAaPbRZiYrOJxAGB7dQ,false
2023 National Team Trials - Men's Lead Finals,https://www.youtube.com/watch?v=j4QB_MAUWvA,2023-03-04,20:02:50,USA Climbing,UCAthhtcB-Aa5yDg8ECTTqcA,false
2023 National Team Trials - Men's Boulder Finals,https://www.youtube.com/watch?v=qjAaNuZQftI,2023-03-04,19:21:45,USA Climbing,UCAthhtcB-Aa5yDg8ECTTqcA,false
ÊåØ„ÇäËøî„ÇäÔºÜÈõëË´á,https://www.youtube.com/watch?v=8TTERdSUw90,2023-03-04,17:05:10,TAMY Climbing Channel,UCx3XxWczzWgm1bLmgdeQJMw,true
2023 National Team Trials - Men's Boulder Semi Finals,https://www.youtube.com/watch?v=Qr4p6Fo868E,2023-03-04,14:38:40,USA Climbing,UCAthhtcB-Aa5yDg8ECTTqcA,false
How America‚Äôs richest donate their money,https://www.youtube.com/watch?v=uyVCneA_e3o,2023-03-03,22:33:10,Vox,UCLXo7UDZvByw2ixzpQCufnA,true
2023 National Team Trials - Women's Lead Finals,https://www.youtube.com/watch?v=AfvbWnGgBIE,2023-03-03,10:49:25,USA Climbing,UCAthhtcB-Aa5yDg8ECTTqcA,false
2023 National Team Trials - Women's Lead Semi Finals,https://www.youtube.com/watch?v=DOmWuhVkIig,2023-03-03,02:27:19,USA Climbing,UCAthhtcB-Aa5yDg8ECTTqcA,false
Stefano Ghisolfi's Rewind | BIBLIOGRAPHIE,https://www.youtube.com/watch?v=tOTknMkvL7k,2023-03-03,02:21:44,Stefano Ghisolfi,UCtKpjSIjJFS4CZiPhbdHFQA,true
2023 National Team Trials - Women Boulder Semi Finals,https://www.youtube.com/watch?v=LPgvK-WwIAc,2023-03-03,02:14:09,USA Climbing,UCAthhtcB-Aa5yDg8ECTTqcA,false
You're going to want to learn how to do this correctly!,https://www.youtube.com/watch?v=04k0VPITyzg,2023-03-02,15:56:04,ROAP Coaching,UCKTSAIi67jEFKJ3NulUqRBg,false
Áî£„Åæ„Çå„Åü„Å∞„Åã„Çä„ÅÆ„Ç¢„Ç∂„É©„Ç∑„ÅÆËµ§„Å°„ÇÉ„Çì„ÄÅ„Ç¥„É≠„Ç¥„É≠„ÄÅ„Ç≥„É≠„Ç≥„É≠„ÄÇÊôÇ„ÄÖÈ†≠„Çí„Ç´„Ç§„Ç´„Ç§„ÄÇ,https://www.youtube.com/watch?v=jJIPnSYU-Wg,2023-03-02,14:59:38,Baby Harp Seal ch,UCmCSmk9XZfrxMpTMOhLYJkg,true
Susan Dies | The Invitations | Seinfeld,https://www.youtube.com/watch?v=vJ0UngGRsck,2023-03-02,13:34:35,Seinfeld,UCKv01ZGOJhp2HbtDe4EvS8A,false
My Stuff!,https://www.youtube.com/watch?v=CMoxScii1y8,2023-03-02,10:14:29,Chris Hallbeck,UCk8cfDW244sbkf7AVhB2W1A,true
Why You're Thinking About Unemployment Wrong,https://www.youtube.com/watch?v=6yiLdTAzKMQ,2023-03-01,18:40:35,Johnny Harris,UCmGSJVG3mCRXVOP4yZrU1Dw,false
Robotic Spy Penguin Watches Rockhoppers Shower!,https://www.youtube.com/watch?v=BCFWm5M3eQw,2023-03-01,09:55:32,John Downer Productions,UCDRZWhedLhwllnac-RBxvyw,true
Can you tell who this furry face belongs to? | Dogs in the Wild | BBC Earth,https://www.youtube.com/watch?v=ByX-83c4muI,2023-02-28,14:31:33,BBC Earth,UCwmZiChSryoWQCZMIQezgTg,true
Men's Final Japan Lead Cup 2023,https://www.youtube.com/watch?v=yqiS8g7xpn8,2023-02-28,14:24:04,Bouldering Highlights,UC0uK-oWwxf887yOGYIeQpWQ,true
Championnat de France d'escalade de bloc 2023,https://www.youtube.com/watch?v=Kzl6ZWTmdB0,2023-02-28,01:20:33,FFME,UC9tC9pFwE6BjGopGtqXaJRA,false
Pro Climber Coaches Amateur on HARD Boulders,https://www.youtube.com/watch?v=E7PFK_C6IyM,2023-02-28,00:48:54,Hannah Morris Bouldering,UCd41X9UCCXAgruATzShEl4w,false
„ÄêÈÅéÂéªÂãïÁîª„Äë„ÇØ„É©„Éï„Ç°„É≥„ÉÅ„Çß„ÉÉ„ÇØ„Äà12Êúà5Êó•„Äâ#shorts,https://www.youtube.com/watch?v=SczEzynaKuw,2023-02-27,18:31:26,OLI OLI„Å®Ê±†Â§ß,UC8fLq-zYGbPsx4yVg7L3kMQ,false
ÂÆü„ÅØ„Åì„ÅÆ„Éà„É¨„Éº„Éã„É≥„Ç∞‚Ä¶Ê®™„Åã„ÇâË¶ã„Çã„Å®ÔºÅÔºÅ,https://www.youtube.com/watch?v=Rm8mxtlS0HA,2023-02-27,18:02:12,Miho Nonaka / Èáé‰∏≠ÁîüËêå,UCEblzEyYy0bmf-DcA6v8npg,true
The Bear Season 1 Trailer | Rotten Tomatoes TV,https://www.youtube.com/watch?v=gBmkI4jlaIo,2023-02-27,15:41:15,Rotten Tomatoes TV,UCz1GPotHecuLngiLuY739QQ,false
"New Zealand pilot abducted by Papuan rebels in Indonesia, highlighting separatist digital front",https://www.youtube.com/watch?v=EKKOMKMG1jo,2023-02-27,15:00:00,South China Morning Post,UC4SUWizzKc1tptprBkWjX2Q,false
Baby harp seal waiting for its mommy./„Éû„Éû„ÇíÂæÖ„Å§Ëµ§„Å°„ÇÉ„Çì„Ç¢„Ç∂„É©„Ç∑,https://www.youtube.com/watch?v=3d7w_CB7Sgc,2023-02-27,13:31:00,Baby Harp Seal ch,UCmCSmk9XZfrxMpTMOhLYJkg,true
The New Youngest Self-Made Billionaire In The World Is A 25-Year-Old College Dropout | Forbes,https://www.youtube.com/watch?v=FgzyLoSkL5k,2023-02-27,13:29:37,Forbes,UCmh7afBz-uWwOSSNTqUBAhg,false
2 ways to boulder without bouldering wait for the end... Slabasaurus v4 powerlinez ny,https://www.youtube.com/watch?v=ilO-26cBm7U,2023-02-27,13:28:28,arduous paths,UC8vCXc2W-h7PO65np_-z_ew,false
"The Ultimate ""Zootopia"" Recap Cartoon",https://www.youtube.com/watch?v=8J2L-tluwU4,2023-02-27,13:22:00,Cas van de Pol,UCr1fdFXztwacnJ206hMgG7w,true
How do I know if my training is effective? | Lattice Training,https://www.youtube.com/watch?v=C6ThSRMhD0U,2023-02-27,13:21:03,Lattice Training,UCMQzIsi7kwz1_xZjqNhz9kw,true
Why I Am a Fan of Ai Mori,https://www.youtube.com/watch?v=9vApStYKy4w,2023-02-27,13:06:21,Project Pinch ,UClsxAFg20PGZTLzSf1OWcQA,true
Siberian Musk Deer: This Deer Is A Vampire,https://www.youtube.com/watch?v=3QDog8ugSoI,2023-02-27,09:41:44,Animalogic,UCwg6_F2hDHYrqbNSGjmar4w,true
The Sims Life | Robot Chicken | adult swim,https://www.youtube.com/watch?v=dogzkrodC1o,2023-02-26,22:28:00,Adult Swim,UCgPClNr5VSYC3syrDUIlzLw,false
Elaine Doesn't See The Big Deal In Having A Baby | The Soul Mate | Seinfeld,https://www.youtube.com/watch?v=B9PgLazX31g,2023-02-26,22:21:10,Seinfeld,UCKv01ZGOJhp2HbtDe4EvS8A,false
Modern Family | Jay Wants His Old Hair Back Thanks To His Halloween Costume,https://www.youtube.com/watch?v=G1RLchcijWQ,2023-02-26,22:10:47,Peacock,UCPgMAS8woHJ_o_OZdTR7kcQ,false
„É™„Éº„Éâ„Ç∏„É£„Éë„É≥„Ç´„ÉÉ„Éó2023 Áî∑Â•≥Ê±∫Âãù,https://www.youtube.com/watch?v=6LT1rsA0wHA,2023-02-26,22:04:08,JMSCA Competition TV,UCnjTK_woY8DUgXeVQLgug9A,true
Are You Stronger Than The Average Climber?,https://www.youtube.com/watch?v=vNvM9eeTACQ,2023-02-26,18:18:09,Lattice Training,UCMQzIsi7kwz1_xZjqNhz9kw,true
Dog Daughter,https://www.youtube.com/watch?v=JD5wZ5aUImE,2023-02-26,18:17:24,Chris Hallbeck,UCk8cfDW244sbkf7AVhB2W1A,true
What time of day should I train? | Lattice Training,https://www.youtube.com/watch?v=ybu8Exl6NOw,2023-02-26,18:10:52,Lattice Training,UCMQzIsi7kwz1_xZjqNhz9kw,true
Shin Hae-sun‚Äôs flashy dance moves leave Kim Jung-hyun entranced | Mr. Queen Ep 5 [ENG SUB],https://www.youtube.com/watch?v=9r28BYYLa8g,2023-02-26,18:06:00,Netflix K-Content,UCpiCK8c6PBktcxq7Az_t4RQ,false
Projecting Boulders: From Beginner to Expert,https://www.youtube.com/watch?v=dyAvbUvY_PU,2023-02-26,18:04:46,Lattice Training,UCMQzIsi7kwz1_xZjqNhz9kw,true
„ÄêNEW MIHO„ÄëÊñ∞„Åó„ÅÑÂÆ£ÊùêÂÜôÁúü„ÇíÊíÆ„Å£„Å¶„ÇÇ„Çâ„Å£„Åü„ÅÆ„ÅßË¶ã„Å¶„Å£ÔºÅ,https://www.youtube.com/watch?v=qZm94zIYJgk,2023-02-26,17:25:22,Miho Nonaka / Èáé‰∏≠ÁîüËêå,UCEblzEyYy0bmf-DcA6v8npg,true
Existing Anxiously,https://www.youtube.com/watch?v=Mya9gsZSJ7M,2023-02-26,17:18:37,Chris Hallbeck,UCk8cfDW244sbkf7AVhB2W1A,true
Siberian Musk Deer: This Deer Is A Vampire,https://www.youtube.com/watch?v=3QDog8ugSoI,2023-02-26,14:26:16,Animalogic,UCwg6_F2hDHYrqbNSGjmar4w,true
Why is everything getting so expensive?,https://www.youtube.com/watch?v=qlKx8uc_ppU,2023-02-26,14:14:07,Vox,UCLXo7UDZvByw2ixzpQCufnA,true
Jerry's Dirty Talking Offends Elaine's Assistant | The Cheever Letters | Seinfeld,https://www.youtube.com/watch?v=4GlPR6C_mck,2023-02-26,13:52:25,Seinfeld,UCKv01ZGOJhp2HbtDe4EvS8A,false
Stunning Underwater Kelp Forests | The Wild Place | BBC Earth,https://www.youtube.com/watch?v=dBLfCdDs-nE,2023-02-26,13:43:28,BBC Earth,UCwmZiChSryoWQCZMIQezgTg,true
Baby harp seal waiting for its mommy./„Éû„Éû„ÇíÂæÖ„Å§Ëµ§„Å°„ÇÉ„Çì„Ç¢„Ç∂„É©„Ç∑,https://www.youtube.com/watch?v=3d7w_CB7Sgc,2023-02-26,12:09:53,Baby Harp Seal ch,UCmCSmk9XZfrxMpTMOhLYJkg,true
„É™„Éº„Éâ„Ç∏„É£„Éë„É≥„Ç´„ÉÉ„Éó2023 Áî∑Â•≥Ê∫ñÊ±∫Âãù,https://www.youtube.com/watch?v=nmFIb0lMmxk,2023-02-26,12:09:48,JMSCA Competition TV,UCnjTK_woY8DUgXeVQLgug9A,true
Past Lives | Official Trailer HD | A24,https://www.youtube.com/watch?v=kA244xewjcI,2023-02-25,21:12:33,A24,UCuPivVjnfNo4mb3Oog_frZg,false
„É™„Éº„Éâ„Ç∏„É£„Éë„É≥„Ç´„ÉÉ„Éó2023 Áî∑Â•≥‰∫àÈÅ∏,https://www.youtube.com/watch?v=cm3zmpy62Zo,2023-02-25,21:00:24,JMSCA Competition TV,UCnjTK_woY8DUgXeVQLgug9A,true
This Stiff Guy Learns the Pancake Fold in 107 Days - Ft. Calisthenicmovement,https://www.youtube.com/watch?v=c97FhK6-7FU,2023-02-25,20:50:06,Geek Climber,UCdjL64S-IS84HjDhSc6XZ2A,false
From Refugee To Sriracha Billionaire: The Man Behind One Of America‚Äôs Favorite Condiments | Forbes,https://www.youtube.com/watch?v=qLcrLTNNFvk,2023-02-24,11:03:58,Forbes,UCmh7afBz-uWwOSSNTqUBAhg,false
Godzilla's Training Day | Robot Chicken | adult swim,https://www.youtube.com/watch?v=zFGH-GpHp6s,2023-02-24,11:01:12,Adult Swim,UCgPClNr5VSYC3syrDUIlzLw,false
In the Name of God: A Holy Betrayal | Official Trailer | Netflix,https://www.youtube.com/watch?v=K1Pu0CVPocY,2023-02-24,10:59:18,Netflix K-Content,UCpiCK8c6PBktcxq7Az_t4RQ,false
Hippo Vs Crocodile!,https://www.youtube.com/watch?v=aSQe0Q1A6qk,2023-02-24,10:49:50,John Downer Productions,UCDRZWhedLhwllnac-RBxvyw,true
We Are First In The World With These Volumes || Nikken VS Pro Routesetters,https://www.youtube.com/watch?v=g4xO6H-hWdc,2023-02-24,09:54:42,Eric Karlsson Bouldering,UCgtOMaHBiYvsRYZ77utf8FQ,true
Next Level Warm-Up Exercises.,https://www.youtube.com/watch?v=FYTUmXvAtP8,2023-02-24,09:29:55,Ross Fulkerson  ,UC84S_JcTHwx_NBu84qWH0Xg,true
Introduction to Linux ‚Äì Full Course for Beginners,https://www.youtube.com/watch?v=sWbUDq4S6Y8,2023-02-24,02:59:39,freeCodeCamp.org,UC8butISFwT-Wl7EV0hUK0BQ,true
„Äê„Ç¨„ÉÅ„Éà„É¨„ÄëLEAD JAPAN CUPÁõ¥Ââç‚ÄºÔ∏èÊøÄÂº∑„É°„É≥„Éê„Éº„Åß„Ç∑„Éü„É•„É¨„Éº„Ç∑„Éß„É≥üëäüî•,https://www.youtube.com/watch?v=TCG9xx9BRuU,2023-02-24,02:47:40,TAMY Climbing Channel,UCx3XxWczzWgm1bLmgdeQJMw,true
Finer Things Club  - The Office US,https://www.youtube.com/watch?v=_Kpo4qHM9gw,2023-02-23,15:15:06,The Office,UCa90xqK2odw1KV5wHU9WRhg,false
Why you (probably) won't get sick from spoiled food,https://www.youtube.com/watch?v=iuHuEiX_dgM,2023-02-23,01:51:45,MinuteFood,UCA0g3liRXdpqyhxiQiE55tA,true
Are Jerry & Elaine In Love? | Seinfeld,https://www.youtube.com/watch?v=vFLrnNYJFgM,2023-02-23,01:34:31,Seinfeld,UCKv01ZGOJhp2HbtDe4EvS8A,false
Baby Tasmanian Devils Start to Explore | 4K UHD | Seven Worlds One Planet | BBC Earth,https://www.youtube.com/watch?v=001atF_yIwk,2023-02-23,01:20:08,BBC Earth,UCwmZiChSryoWQCZMIQezgTg,true
INSANE Ice Climbing Moves: World Cup ACTION | Climbing Daily Ep.2082,https://www.youtube.com/watch?v=nnVDQKyAkFQ,2023-02-22,18:52:52,EpicTV Climbing Daily,UCIRIbjrEHserQZ6O1Jd9wrg,true
The Weird Sex Lives of Bluegills,https://www.youtube.com/watch?v=CoZuABN1YJ4,2023-02-22,14:33:28,MinuteEarth,UCeiYXex_fwgYDonaTcSIk6w,true
Haida's Online Game Addiction | Aggretsuko | Clip | Netflix Anime,https://www.youtube.com/watch?v=PdznsPlOAJ4,2023-02-22,13:10:03,Netflix Anime,UCBSs9x2KzSLhyyA9IKyt4YA,false
How I Routinely Study With a Full Time Job when I'm TIRED,https://www.youtube.com/watch?v=ifZWcPXDyFc,2023-02-21,22:51:06,Cajun Koi Academy,UCBX_-ls-dXuhFNSWSXcHrTA,false
I Hatched A Supermarket Egg... Again!,https://www.youtube.com/watch?v=bMQ99Y64t90,2023-02-21,21:50:33,A Chick Called Albert,UCBjh-uGy5RcclATnFpQBobw,true
This is why Bob Vance is better than Jim Halpert - The Office US,https://www.youtube.com/watch?v=UpjVmkjjah4,2023-02-21,16:29:49,The Office,UCa90xqK2odw1KV5wHU9WRhg,false
The Boulder Field Masters Competition (THE GREATEST FLASHER),https://www.youtube.com/watch?v=9u31_9vatAQ,2023-02-21,15:54:28,Timothy Kang,UCdEyrjKpBVXB_zL0YW69lAw,true
Elaine Befriends Jerry's Exact Opposite | The Bizarro Jerry | Seinfeld,https://www.youtube.com/watch?v=GTUbh1nuQ-Q,2023-02-21,15:47:43,Seinfeld,UCKv01ZGOJhp2HbtDe4EvS8A,false
[ENG] ÌîºÏßÄÏª¨: 100 Î¶¨Î∑∞ 1ÌÉÑ„Ö£ÍΩÉÎØ∏Î™® ÏóêÏù¥Ï†ÑÌä∏H Î™®ÏÖ®ÏäµÎãàÎã§,https://www.youtube.com/watch?v=21nsvqiRPFs,2023-02-21,15:28:08,ÌûôÏúºÎú∏,UC4yq3FWEWqMvFNFBsV3gbKQ,false
Ted Lasso ‚Äî Season 3 Official Teaser | Apple TV+,https://www.youtube.com/watch?v=5m14CQFtNi8,2023-02-20,19:49:38,Apple TV,UC1Myj674wRVXB9I4c6Hm5zA,false
3 Amateur Climbers VS 1 PRO Climber on The Olympic Bouldering Wall,https://www.youtube.com/watch?v=l15FUlYEys0,2023-02-20,17:50:12,Josh Rundle,UCWbnwdWGSqc8CVqReOL1ehA,false
Snub Nosed Monkey Fights to Protect Family | 4K UHD | China: Nature's Ancient Kingdom | BBC Earth,https://www.youtube.com/watch?v=Wf4AMmGQ4pY,2023-02-20,17:04:59,BBC Earth,UCwmZiChSryoWQCZMIQezgTg,true
Gordon Ramsay Is The Real Idiot Sandwich,https://www.youtube.com/watch?v=Yd3ffi0vk30,2023-02-19,22:03:37,Mythical Kitchen,UCXGR70CkW_pXb8n52LzCCRw,false
Boulder Japan Cup 2023 Final W2 Ai Mori,https://www.youtube.com/watch?v=Y_Z3HG0a_CU,2023-02-19,21:58:23,OnlineObservation,UClAWE1K1CjJqsEu_PgERyXg,true
Space Frog,https://www.youtube.com/watch?v=pGQX3WBtQao,2023-02-19,21:28:34,Chris Hallbeck,UCk8cfDW244sbkf7AVhB2W1A,true
[Final Ep Preview] Who will be the ultimate winner? | Physical: 100 [ENG SUB],https://www.youtube.com/watch?v=1tmBjrWq2Lk,2023-02-19,18:07:31,Netflix K-Content,UCpiCK8c6PBktcxq7Az_t4RQ,false
„ÄêÊòéÊô∫ü•áÂÑ™Âãù„ÄëBoulder JAPANCUPÊåØ„ÇäËøî„Çä‚ÄºÔ∏èÊ•¢Â¥éÂÖÑÂºü„ÅßÂàùË°®ÂΩ∞Âè∞‚ÄºÔ∏è,https://www.youtube.com/watch?v=zIp9KRTwHQk,2023-02-19,15:28:43,TAMY Climbing Channel,UCx3XxWczzWgm1bLmgdeQJMw,true
Realizing That Your Friend is the Problem,https://www.youtube.com/watch?v=5pf2Ea2zNK0,2023-02-19,09:10:10,Joel Haver,UCVIFCOJwv3emlVmBbPCZrvw,true
Should Climbers Take a Collagen Supplement? (Make an Informed Decision) | Research Review,https://www.youtube.com/watch?v=gp7jDQcogYU,2023-02-18,20:22:24,Hooper's Beta,UCsqZk5V2d44TNLRFSI5aVfg,true
The Crew VS The Best Blocz In The Gym,https://www.youtube.com/watch?v=mz5fRn9mdNg,2023-02-18,19:58:35,Eric Karlsson Bouldering,UCgtOMaHBiYvsRYZ77utf8FQ,true
How Singapore Uses Science to Stay Cool,https://www.youtube.com/watch?v=PM101DvvG4Q,2023-02-18,15:22:40,Bloomberg Originals,UCUMZ7gohGI9HcU9VNsr2FJQ,false
Elephants Dig Wells To Find Water!,https://www.youtube.com/watch?v=vO92WKX91-g,2023-02-18,13:56:03,John Downer Productions,UCDRZWhedLhwllnac-RBxvyw,true
Ï∂îÏÑ±ÌõàÍ≥º Ïú§ÏÑ±ÎπàÏù¥ ÏÑ†ÌÉùÌïú 100kg Í≥µ Íµ¥Î¶¨Í∏∞ | ÌîºÏßÄÏª¨: 100 | ÎÑ∑ÌîåÎ¶≠Ïä§,https://www.youtube.com/watch?v=CNk0D8xg9ps,2023-02-18,13:55:41,Netflix Korea ÎÑ∑ÌîåÎ¶≠Ïä§ ÏΩîÎ¶¨ÏïÑ,UCiEEF51uRAeZeCo8CJFhGWw,false
Climb Smarter to Climb Harder #bouldering,https://www.youtube.com/watch?v=RNnIRDpZc4c,2023-02-18,13:54:43,Hannah Morris Bouldering,UCd41X9UCCXAgruATzShEl4w,false
Filming the World‚Äôs Rarest Cats I Behind the Scenes of Frozen Planet II I BBC Earth,https://www.youtube.com/watch?v=TaEAM7QC44Q,2023-02-18,10:00:54,BBC Earth,UCwmZiChSryoWQCZMIQezgTg,true
Dr Shawn Lum on recent crow attacks in Bishan,https://www.youtube.com/watch?v=PqM-UE4Pm8Q,2023-02-17,21:47:40,CNA,UC83jt4dlz1Gjl58fzQrrKZg,false
What raising the CPF salary ceiling means for you | Budget 2023,https://www.youtube.com/watch?v=kBvSGR7XA-o,2023-02-17,15:00:05,The Straits Times,UC4p_I9eiRewn2KoU-nawrDg,false
Singapore Budget 2023: What you need to know,https://www.youtube.com/watch?v=FKAHOk32AvY,2023-02-17,14:56:48,CNA,UC83jt4dlz1Gjl58fzQrrKZg,false
"IFSC Routesetters' Clinic || Ibarra, Ecuador",https://www.youtube.com/watch?v=t3sg0StndgQ,2023-02-17,10:02:12,International Federation of Sport Climbing,UC2MGuhIaOP6YLpUx106kTQw,true
Mahjong & Crazy Rich Asians | Video Essay,https://www.youtube.com/watch?v=xBEx9jnW7vc,2023-02-17,09:42:43,Accented Cinema,UCH_VqR5rFFhgjZmM31xA3Ag,true
***Hippo Spa*** - Robotic Spy Hippo Up Close With One of Africa's Most Dangerous Animals!,https://www.youtube.com/watch?v=hlGxUCeEE7M,2023-02-17,02:25:43,John Downer Productions,UCDRZWhedLhwllnac-RBxvyw,true
Bees Attack Baboons!,https://www.youtube.com/watch?v=QlgENWmGUBI,2023-02-17,02:21:40,John Downer Productions,UCDRZWhedLhwllnac-RBxvyw,true
In Quarantino | Robot Chicken | Adult Swim,https://www.youtube.com/watch?v=5GCJ-G97QUA,2023-02-17,02:16:34,Adult Swim UK,UCHcMtE3EiKmqrJZBZyUBuRQ,false
Send Out For More Booze | Robot Chicken | Adult Swim,https://www.youtube.com/watch?v=-sRbFCamIko,2023-02-17,02:14:34,Adult Swim UK,UCHcMtE3EiKmqrJZBZyUBuRQ,false
Sleep Deprived,https://www.youtube.com/watch?v=L4Nx-UQc4P4,2023-02-17,02:07:28,Chris Hallbeck,UCk8cfDW244sbkf7AVhB2W1A,true
The Magic School Bus | Robot Chicken | Adult Swim,https://www.youtube.com/watch?v=6HGLvcupAmw,2023-02-16,22:19:10,Adult Swim,UCgPClNr5VSYC3syrDUIlzLw,false
The Wurst Script in the World | Robot Chicken | Adult Swim,https://www.youtube.com/watch?v=cIErwK5o7Ss,2023-02-16,19:57:29,Adult Swim UK,UCHcMtE3EiKmqrJZBZyUBuRQ,false
Larry David Joins the Avengers | Robot Chicken | adult swim,https://www.youtube.com/watch?v=54RFcPqwD_0,2023-02-16,16:59:55,Adult Swim,UCgPClNr5VSYC3syrDUIlzLw,false
The Flintstones Receive Some Post | Robot Chicken | Adult Swim,https://www.youtube.com/watch?v=TYRkIRB57t4,2023-02-16,16:56:58,Adult Swim UK,UCHcMtE3EiKmqrJZBZyUBuRQ,false
Jake: high-school edition | Brooklyn Nine-Nine,https://www.youtube.com/watch?v=l8Ye1Kp57rY,2023-02-16,16:54:24,Brooklyn Nine-Nine,UCtRa82x1BwQdnpHf0Es4gcQ,false
Bouldering Japan Cup 2021 Final W3 Ai Mori,https://www.youtube.com/watch?v=KrZNOtZV4Fw,2023-02-16,15:34:45,OnlineObservation,UClAWE1K1CjJqsEu_PgERyXg,true
Cube Head Origins,https://www.youtube.com/watch?v=p2YLTxE1omg,2023-02-16,10:57:19,Chris Hallbeck,UCk8cfDW244sbkf7AVhB2W1A,true
Animals in Love | BBC Earth,https://www.youtube.com/watch?v=odSPbBxqqc8,2023-02-16,10:48:24,BBC Earth,UCwmZiChSryoWQCZMIQezgTg,true
Robot Chicken Does... The Ring | Adult Swim UK üá¨üáß,https://www.youtube.com/watch?v=vXyvwUss2j4,2023-02-16,01:22:48,Adult Swim UK,UCHcMtE3EiKmqrJZBZyUBuRQ,false
Privacy is Power with Dr. Carissa V√©liz,https://www.youtube.com/watch?v=_zMwFfw9rjU,2023-02-15,19:06:52,Harvard Carr Center for Human Rights Policy,UCXczTQEViWJ09XGD2EpyApQ,false
Sta≈°a And Sofya VS Nikkens Masterpiece Bloc || 2022 Award Winning Holds,https://www.youtube.com/watch?v=S981-h4Zlpc,2023-02-15,18:56:14,Eric Karlsson Bouldering,UCgtOMaHBiYvsRYZ77utf8FQ,true
We Are First In The World With These Holds || New World Class Holds,https://www.youtube.com/watch?v=l8jOuh9Zhp4,2023-02-15,18:55:46,Eric Karlsson Bouldering,UCgtOMaHBiYvsRYZ77utf8FQ,true
"Create Custom D3 Charts in Minutes with GitHub Engineer, Amelia Wattenberger",https://www.youtube.com/watch?v=S3LNbBg_B2A,2023-02-15,17:27:24,newline,UCOFUtpf-AKbCXN1nrBL2qcw,true
Satan Helps Claude And Gary Connect | Your Pretty Face Is Going to Hell | adult swim,https://www.youtube.com/watch?v=tFt1H6AHVrU,2023-02-13,22:57:18,Adult Swim,UCgPClNr5VSYC3syrDUIlzLw,false
Cartoon Smokers | Robot Chicken | Adult Swim,https://www.youtube.com/watch?v=e179eBHrUyQ,2023-02-13,21:15:48,Adult Swim,UCgPClNr5VSYC3syrDUIlzLw,false
Seth Green's Burger King Outtakes | Robot Chicken | Adult Swim,https://www.youtube.com/watch?v=2VIJ7UxfjYo,2023-02-13,20:32:10,Adult Swim,UCgPClNr5VSYC3syrDUIlzLw,false
How These Baboons Trick Others Onto the Lion¬¥s Dinner Table,https://www.youtube.com/watch?v=ilUrONa1boo,2023-02-13,19:54:07,Terra Mater,UCK2Dxvy9H1NojirvaxnEnqw,true
Boulder Japan Cup 2023 Final M2 Daiki Sano,https://www.youtube.com/watch?v=uGrIg4A1x5I,2023-02-13,18:30:38,OnlineObservation,UClAWE1K1CjJqsEu_PgERyXg,true
Hannah Meul smashing the intended beta #shorts,https://www.youtube.com/watch?v=RduTImxrQIM,2023-02-13,17:40:44,Donkey Climb Media,UCDFczL-PNMNMlAwU42h-D3g,false
Dinoes!! V6 kilter board at 25 degrees,https://www.youtube.com/watch?v=KsMmEv4SDnw,2023-02-13,16:01:48,black sheep climbing,UCFUI5_d5W2aUEh2jH6qQOIg,false
Data Visualization with D3 and Svelte!,https://www.youtube.com/watch?v=3n0vU9YtDsg,2023-02-13,13:15:04,Alex Trost,UCSRXVi__zITUsyeb8bzxBHg,false
Look at These Cute Snow Leopard Cubs!!! #terramatters #snowleopard #leopard,https://www.youtube.com/watch?v=h8iiE--XENw,2023-02-13,00:38:15,Terra Mater,UCK2Dxvy9H1NojirvaxnEnqw,true
Octopus Attacks Crab | Unexpected Emergency Exit,https://www.youtube.com/watch?v=Y3oziLJiiXE,2023-02-13,00:33:10,Terra Mater,UCK2Dxvy9H1NojirvaxnEnqw,true
Why these Lions Shouldn't Have Challenged the Buffaloes,https://www.youtube.com/watch?v=d5X1AEmAbmg,2023-02-13,00:27:32,Terra Mater,UCK2Dxvy9H1NojirvaxnEnqw,true
Hygge Season - Our Top Ten Cozy Board Games,https://www.youtube.com/watch?v=KGnRf_Uy4RQ,2023-02-12,20:35:45,Players Companion,UC-ZahMdlSbuNwPFC-2nYV1g,false
Endangered Snow Leopard Cubs Spotted in the Wild | Nat Geo Wild,https://www.youtube.com/watch?v=aEnIFdMDyR4,2023-02-12,15:47:44,Nat Geo WILD,UCDPk9MG2RexnOMGTD-YnSnA,false
Toy Story Meets Pinko | Robot Chicken | Adult Swim,https://www.youtube.com/watch?v=WCG3WgYxPkI,2023-02-12,11:11:03,Adult Swim,UCgPClNr5VSYC3syrDUIlzLw,false
Our Team Followed a Snow Leopard Mother to her Den I Cute Snow Leopard Cubs,https://www.youtube.com/watch?v=t-nhjRFR0wo,2023-02-12,09:52:08,Terra Mater,UCK2Dxvy9H1NojirvaxnEnqw,true
Why the Titanic didn't have enough lifeboats,https://www.youtube.com/watch?v=K64wRD8eaus,2023-02-12,09:26:41,Vox,UCLXo7UDZvByw2ixzpQCufnA,true
Baby Hippo Gets Lost From Mum In River Full Of Crocodiles,https://www.youtube.com/watch?v=kB9PvaDkGiM,2023-02-12,09:21:27,John Downer Productions,UCDRZWhedLhwllnac-RBxvyw,true
What Makes Practical Effects So Special? | Video Essay,https://www.youtube.com/watch?v=BwJUOFItvjc,2023-02-12,09:08:25,Accented Cinema,UCH_VqR5rFFhgjZmM31xA3Ag,true
Africa's Mightiest Meat Eaters | Meet the Lions of Animal Kingdom | Magic of Disney's Animal Kingdom,https://www.youtube.com/watch?v=WW-drhvvHp8,2023-02-12,09:06:02,National Geographic,UCpVm7bg6pXKo1Pr6k5kxG9A,true
Burrowing Owls Profit Off The End Of The World,https://www.youtube.com/watch?v=mtVy1BQo9jg,2023-02-11,23:39:09,Animalogic,UCwg6_F2hDHYrqbNSGjmar4w,true
The 3 Reasons This Tree Has Lived 5000 Years,https://www.youtube.com/watch?v=N1aZuY0Prow,2023-02-11,23:26:33,MinuteEarth,UCeiYXex_fwgYDonaTcSIk6w,true
Why Do Heart Attacks Cause *Arm* Pain?,https://www.youtube.com/watch?v=4DF94Wvtekk,2023-02-11,23:23:06,MinuteEarth,UCeiYXex_fwgYDonaTcSIk6w,true
The Disease You Will Never Survive,https://www.youtube.com/watch?v=d2daVaZZHYE,2023-02-11,23:19:38,MinuteEarth,UCeiYXex_fwgYDonaTcSIk6w,true
Memories in the Frost | Outdoors with Team Korea & Japan | Crag Archives 01,https://www.youtube.com/watch?v=84GiGVPlmrU,2023-02-11,23:08:25,SUIKA,UCrLEUP6RcCcOceQDRcMB8rg,false
[ÏÑ†Í≥µÍ∞ú] ÌååÏù¥ÎÑê ÌÄòÏä§Ìä∏ ÏßÑÏ∂úÏûêÎäî Îã® 5Ïù∏ Îøê | ÌîºÏßÄÏª¨: 100 | ÎÑ∑ÌîåÎ¶≠Ïä§,https://www.youtube.com/watch?v=BQVOYyoe8-I,2023-02-11,22:58:03,Netflix Korea ÎÑ∑ÌîåÎ¶≠Ïä§ ÏΩîÎ¶¨ÏïÑ,UCiEEF51uRAeZeCo8CJFhGWw,false
Crocodiles Sneak Attack Thirsty Bats | 4K UHD | Seven Worlds One Planet | BBC Earth,https://www.youtube.com/watch?v=FZ9yXLtXusw,2023-02-11,22:50:55,BBC Earth,UCwmZiChSryoWQCZMIQezgTg,true
[Preview] Who will make it to the finals? | Physical: 100 [ENG SUB],https://www.youtube.com/watch?v=9GkSxs27QIw,2023-02-11,20:09:39,Netflix K-Content,UCpiCK8c6PBktcxq7Az_t4RQ,false
Third Wish,https://www.youtube.com/watch?v=O6hOpc8JIHM,2023-02-10,21:49:16,Chris Hallbeck,UCk8cfDW244sbkf7AVhB2W1A,true
Hamster Owner Search | The Way of the Househusband: Season 2 | Clip | Netflix Anime,https://www.youtube.com/watch?v=yF0w9RE1f6k,2023-02-10,21:47:36,Netflix Anime,UCBSs9x2KzSLhyyA9IKyt4YA,false
How to Get Your Brain to Focus | Chris Bailey | TEDxManchester,https://www.youtube.com/watch?v=Hu4Yvq-g7_Y,2023-02-10,20:57:42,TEDx Talks,UCsT0YIqwnpJCM-mx7-gSA4Q,false
ÌÅ¥ÎùºÏù¥Î∞ç? Ìï¥Î≥ºÍ≤åÏöî,https://www.youtube.com/watch?v=MEI6DeWPXaE,2023-02-10,19:21:20,ÏïÑÏù¥Ïñ∏Îπà Ïú§ÏÑ±Îπà,UCtSrD8bpasASomAICsRu_gQ,false
ÎèÑÏ†ÄÌûà Ïöï ÏóÜÏù¥Îäî Í≤åÏûÑÏùÑ ÏßÑÌñâÌï† Ïàò ÏóÜÏóàÏäµÎãàÎã§ | ÌîºÏßÄÏª¨: 100 | ÎÑ∑ÌîåÎ¶≠Ïä§,https://www.youtube.com/watch?v=XmE0OMqMvMo,2023-02-10,19:19:58,Netflix Korea ÎÑ∑ÌîåÎ¶≠Ïä§ ÏΩîÎ¶¨ÏïÑ,UCiEEF51uRAeZeCo8CJFhGWw,false
Boulder Japan Cup 2023 Final W3 Miho Nonaka,https://www.youtube.com/watch?v=ZS-QMGuB2Ns,2023-02-10,19:17:49,OnlineObservation,UClAWE1K1CjJqsEu_PgERyXg,true
[ENG] ÌîºÏßÄÏª¨100 Ïã¨ÏúºÎú∏ VS ÎÇ®Í≤ΩÏßÑ,https://www.youtube.com/watch?v=L1kExK87Ikw,2023-02-10,19:11:55,ÌûôÏúºÎú∏,UC4yq3FWEWqMvFNFBsV3gbKQ,false
Ïß±Ïû¨Í∞Ä ÌôîÎÇú ÏÉÅÌô©ÏóêÏÑú Î¶¨Î∑∞ÌïòÎäî Ïù¥Ïú† | ÌîºÏßÄÏª¨: 100 | ÎÑ∑ÌîåÎ¶≠Ïä§,https://www.youtube.com/watch?v=TiY5GOlZut0,2023-02-10,18:37:41,Netflix Korea ÎÑ∑ÌîåÎ¶≠Ïä§ ÏΩîÎ¶¨ÏïÑ,UCiEEF51uRAeZeCo8CJFhGWw,false
Covid-19: No masks on public transport from Feb 13 | Click on ‚ÄòCreated from‚Äô to watch full press con,https://www.youtube.com/watch?v=oDQcVpgB370,2023-02-10,11:33:00,The Straits Times,UC4p_I9eiRewn2KoU-nawrDg,false
Why everything you buy is worse now,https://www.youtube.com/watch?v=DHXBacEH0qo,2023-02-10,11:20:04,Vox,UCLXo7UDZvByw2ixzpQCufnA,true
Are meal kits environmentally friendly?,https://www.youtube.com/watch?v=1uTlC_nRb00,2023-02-10,10:26:57,MinuteFood,UCA0g3liRXdpqyhxiQiE55tA,true
Stunning Coastlines in HD | Our Blue Planet | BBC Earth,https://www.youtube.com/watch?v=HXG0Z1ohpP0,2023-02-10,00:33:28,BBC Earth,UCwmZiChSryoWQCZMIQezgTg,true
Orca mothers make 'lifelong sacrifice' for sons - BBC News,https://www.youtube.com/watch?v=S1gg5-sNRAo,2023-02-10,00:30:45,BBC News,UC16niRr50-MSBwiO3YDb3RA,false
Noborock Shibuya 2Q,https://www.youtube.com/watch?v=nCzWZLegXnI,2023-02-10,00:29:36,OnlineObservation,UClAWE1K1CjJqsEu_PgERyXg,true
This 67-Year-Old Singaporean Auntie Can Climb Better Than You,https://www.youtube.com/watch?v=VCLx6sWomcQ,2023-02-09,22:27:48,OGS,UCsiZ4QJyWTdbtB2cfyDPApA,false
Understand Svelte And Svelte Components In 10 Seconds,https://www.youtube.com/watch?v=m8fcJwFheJs,2023-02-09,20:49:16,newline,UCOFUtpf-AKbCXN1nrBL2qcw,true
Reset: Decompress Your Body and Mind,https://www.youtube.com/watch?v=QHkXvPq2pQE,2023-02-09,18:39:40,Headspace,UC3JhfsgFPLSLNEROQCdj-GQ,true
Podcast: Creating Confidence and Better Self-Esteem with Kara Loewentheil,https://www.youtube.com/watch?v=vEfuFET3X_U,2023-02-09,18:34:25,Headspace,UC3JhfsgFPLSLNEROQCdj-GQ,true
Learn In Public,https://www.youtube.com/watch?v=mgbEGFOtgqM,2023-02-09,17:26:00,Verbal to Visual,UCuFm4ARxn306lX_OWMnz0-w,false
Star Wars,https://www.youtube.com/watch?v=fVeGHi5aNv0,2023-02-09,17:14:29,Chris Hallbeck,UCk8cfDW244sbkf7AVhB2W1A,true
ÌûòÎßåÏúºÎ°úÎäî ÏäπÏûêÍ∞Ä Îê† Ïàò ÏóÜÎã§ Ï∂îÏÑ±ÌõàvsÌò∏Ï£ºÌÉÄÏûî | ÌîºÏßÄÏª¨: 100 | ÎÑ∑ÌîåÎ¶≠Ïä§,https://www.youtube.com/watch?v=YZL0u0JQ0g4,2023-02-09,00:33:11,Netflix Korea ÎÑ∑ÌîåÎ¶≠Ïä§ ÏΩîÎ¶¨ÏïÑ,UCiEEF51uRAeZeCo8CJFhGWw,false
PER-ADRA Climbing Gym 5Q,https://www.youtube.com/watch?v=yTx7O0Akr68,2023-02-08,21:27:10,OnlineObservation,UClAWE1K1CjJqsEu_PgERyXg,true
Jack avoids his mommy issues with work | 30 Rock,https://www.youtube.com/watch?v=qB9WEheLHMU,2023-02-08,20:07:28,30 Rock Official,UCwLuX0LoZmlIFpfKvCHyELw,false
"Highest Stakes Comp Ever! TBF Masters ""Greatest Flasher"" (4k)",https://www.youtube.com/watch?v=_1I_kT8AXOU,2023-02-08,18:17:56,Ross Fulkerson  ,UC84S_JcTHwx_NBu84qWH0Xg,true
Boulder Japan Cup 2023 Final M3 Meichi Narasaki,https://www.youtube.com/watch?v=U4YvL5DCXHM,2023-02-08,17:54:35,OnlineObservation,UClAWE1K1CjJqsEu_PgERyXg,true
"It's our chingu Seo Hye-won! üëÄ | Business Proposal, Extraordinary Attorney Woo, Alchemy of Souls",https://www.youtube.com/watch?v=MOWqDgjL_4I,2023-02-08,17:49:46,Netflix K-Content,UCpiCK8c6PBktcxq7Az_t4RQ,false
„Äê„Ç¨„ÉÅÁ∑¥Áøí„ÄëÂ§ß‰ºöËøë„ÅÑ„Åã„Çâ„Ç≥„É≥„Éö„Ç¶„Ç©„Éº„É´„Åß„Å°„Çá„Å£„Å®Êú¨Ê∞óÂá∫„Åó„Å¶„Åø„ÇãÔºÅ,https://www.youtube.com/watch?v=uWdBhiLkhn4,2023-02-08,17:45:16,Miho Nonaka / Èáé‰∏≠ÁîüËêå,UCEblzEyYy0bmf-DcA6v8npg,true
George's girlfriend but it's Jerry Seinfeld [DeepFake],https://www.youtube.com/watch?v=paKOBT4dv1I,2023-02-08,17:34:04,DesiFakes,UCHkfBNFPJeEuc_OxBl-lJfQ,false
#12 - Design and Public Sector Data - Data Visualization Stockholm Meetup,https://www.youtube.com/watch?v=fF2D2bc_YW4,2023-02-08,11:13:16,Data Visualization Stockholm,UCTCf6WgbzGdm6pli_3pF2uA,true
What‚Äôs going to happen to Big Tech‚Äôs laid off workers?,https://www.youtube.com/watch?v=FVsGAoFlw20,2023-02-08,09:02:30,CNBC International,UCo7a6riBFJ3tkeHjvkXPn1g,false
Pantanal: Wildfires in a Wildlife Haven | Our Frozen Planet | BBC Earth,https://www.youtube.com/watch?v=KZr75Dd_Vk4,2023-02-08,08:56:47,BBC Earth,UCwmZiChSryoWQCZMIQezgTg,true
"Highest Stakes Comp Ever! TBF Masters ""Greatest Flasher"" (4k)",https://www.youtube.com/watch?v=_1I_kT8AXOU,2023-02-07,23:29:33,Ross Fulkerson  ,UC84S_JcTHwx_NBu84qWH0Xg,true
This Prison Mike Blooper Will Have You Crying  - The Office US #shorts,https://www.youtube.com/watch?v=jiPpjSw93Fw,2023-02-07,17:15:45,The Office,UCa90xqK2odw1KV5wHU9WRhg,false
Boulder Japan Cup 2023 Final W4 Futaba Ito,https://www.youtube.com/watch?v=lSGplPqdnSc,2023-02-07,15:56:55,OnlineObservation,UClAWE1K1CjJqsEu_PgERyXg,true
[Preview] Will the contestants survive crossing a collapsing bridge? | Physical: 100 [ENG SUB],https://www.youtube.com/watch?v=kRSBCVFUlDA,2023-02-07,11:51:22,Netflix K-Content,UCpiCK8c6PBktcxq7Az_t4RQ,false
FLAWLESS | Japan Cup 2023 Women Finals,https://www.youtube.com/watch?v=4bWxLXa96Js,2023-02-07,01:49:52,Bouldering Highlights,UC0uK-oWwxf887yOGYIeQpWQ,true
What Discrimination Looks Like for Transgender Students in Singapore | Rainbow Guide to Life,https://www.youtube.com/watch?v=4xnZ1ChyN3c,2023-02-06,23:40:33,VICE Asia,UC8ZyfGD_qP-v75DGCzYQw6g,false
PARKOUR! | Extended Cold Open | A Peacock Extra | The Office Superfan Episodes,https://www.youtube.com/watch?v=X_4wLhA5h7M,2023-02-06,22:56:35,The Office,UCa90xqK2odw1KV5wHU9WRhg,false
Could One Physics Theory Unlock the Mysteries of the Brain?,https://www.youtube.com/watch?v=hjGFp7lMi9A,2023-02-06,21:50:22,Quanta Magazine,UCTpmmkp1E4nmZqWPS-dl5bg,false
"Second earthquake hits in Turkey after more than 1,000 killed - BBC News",https://www.youtube.com/watch?v=JZSue7z5Mck,2023-02-06,21:44:05,BBC News,UC16niRr50-MSBwiO3YDb3RA,false
Feeding Hungry Fox Cubs is a Full-Time Job | 4K UHD | China: Nature's Ancient Kingdom | BBC Earth,https://www.youtube.com/watch?v=MakzJ81FUpM,2023-02-06,19:21:50,BBC Earth,UCwmZiChSryoWQCZMIQezgTg,true
50 Shades of Phyllis - The Office US,https://www.youtube.com/watch?v=CU9DmoFarnI,2023-02-06,17:12:30,The Office,UCa90xqK2odw1KV5wHU9WRhg,false
The Surprising Reason Snapping Turtles Can Bite Your Finger Off,https://www.youtube.com/watch?v=WHnCcZfOSq0,2023-02-06,16:15:28,Animalogic,UCwg6_F2hDHYrqbNSGjmar4w,true
FLAWLESS | Japan Cup 2023 Women Finals,https://www.youtube.com/watch?v=4bWxLXa96Js,2023-02-06,16:05:49,Bouldering Highlights,UC0uK-oWwxf887yOGYIeQpWQ,true
How To Create A Map With OSM Data Using QGIS || How To Download OSM Data || OSM In QGIS || GeoFox,https://www.youtube.com/watch?v=ivwJnvczVno,2023-02-06,14:05:35,The GIS Hub,UCi8I4141e3d1fKfIaFgow9w,false
US shoots down Chinese 'spy' balloon over Atlantic ‚Äì BBC News,https://www.youtube.com/watch?v=gqfU2iri8Yw,2023-02-06,09:11:45,BBC News,UC16niRr50-MSBwiO3YDb3RA,false
„Éú„É´„ÉÄ„Éº„Ç∏„É£„Éë„É≥„Ç´„ÉÉ„Éó2023 Áî∑Â≠êÊ±∫Âãù,https://www.youtube.com/watch?v=JFSbQJP5kJI,2023-02-05,20:52:31,JMSCA Competition TV,UCnjTK_woY8DUgXeVQLgug9A,true
„Éú„É´„ÉÄ„Éº„Ç∏„É£„Éë„É≥„Ç´„ÉÉ„Éó2023 Â•≥Â≠êÊ±∫Âãù,https://www.youtube.com/watch?v=qvd-5u7SIC4,2023-02-05,14:04:51,JMSCA Competition TV,UCnjTK_woY8DUgXeVQLgug9A,true
„Éú„É´„ÉÄ„Éº„Ç∏„É£„Éë„É≥„Ç´„ÉÉ„Éó2023 Áî∑Â•≥Ê∫ñÊ±∫Âãù,https://www.youtube.com/watch?v=YwZnRa8DsN4,2023-02-05,11:52:37,JMSCA Competition TV,UCnjTK_woY8DUgXeVQLgug9A,true
„Éú„É´„ÉÄ„Éº„Ç∏„É£„Éë„É≥„Ç´„ÉÉ„Éó2023 Áî∑Â•≥‰∫àÈÅ∏,https://www.youtube.com/watch?v=CYdzh6K8lEg,2023-02-05,11:52:09,JMSCA Competition TV,UCnjTK_woY8DUgXeVQLgug9A,true
I Bet You Didn't Know That Patagonia...,https://www.youtube.com/watch?v=dgnsHXj6g24,2023-02-05,01:11:31,EpicTV Climbing Daily,UCIRIbjrEHserQZ6O1Jd9wrg,true
The 3 Svelte Patterns You Need For Better Data Visualizations,https://www.youtube.com/watch?v=XmOqSmtrsbM,2023-02-05,00:48:54,newline,UCOFUtpf-AKbCXN1nrBL2qcw,true
"Deutschland Cup #5 | Osnabloc ‚Äì Saison 22/23 mit Jan Hojer, Helene Wolf, Lasse von Freier und Co",https://www.youtube.com/watch?v=H9mRu9AaxIg,2023-02-05,00:47:50,Die Techniker Boulder Bundesliga,UCKFdPfB8a5nMCO_7KvXZs3Q,true
Joel Haver - Paul and Other Things,https://www.youtube.com/watch?v=DMJYh7VqI-w,2023-02-05,00:33:28,Joel Haver,UCVIFCOJwv3emlVmBbPCZrvw,true
Thin Ice: Exploring the Human Dimension of Mental Health and the City,https://www.youtube.com/watch?v=F1z6rTApGgA,2023-02-04,18:57:37,Melissa Alexander,UC1ieQjpBsw-IVuG4DJV9wpQ,false
„Éú„É´„ÉÄ„Éº„Ç∏„É£„Éë„É≥„Ç´„ÉÉ„Éó2023 Áî∑Â•≥‰∫àÈÅ∏,https://www.youtube.com/watch?v=CYdzh6K8lEg,2023-02-04,18:47:00,JMSCA Competition TV,UCnjTK_woY8DUgXeVQLgug9A,true
Into the Abyss: Chemosynthetic Oases (Full Movie),https://www.youtube.com/watch?v=1LrcTa0dDmw,2023-02-04,18:46:49,Natural World Facts,UCG5_BraUMNcluZPZ__oOeKg,false
"The most awesome Omurice in Kichi2, Kyoto Japan",https://www.youtube.com/watch?v=Uu5zGHjRaMo,2023-02-04,11:56:35,Umi Syam,UCAXp5TKFvyeugReZmdICixQ,false
Reel Rock 17 Official Trailer,https://www.youtube.com/watch?v=8ANw6Rlgh5o,2023-02-03,09:54:50,REEL ROCK,UCMuDqExNJkCJpOHsX4VKY9g,false
Being a Poison Dart Frog Parent is HARD | 4K UHD | Seven Worlds One Planet | BBC Earth,https://www.youtube.com/watch?v=QP37rnwa-UY,2023-02-03,09:46:55,BBC Earth,UCwmZiChSryoWQCZMIQezgTg,true
Ê±†Â§ß„Åå„É®„Éº„É≠„ÉÉ„ÉëË°å„ÅèÂâç„Å´„Çª„ÉÉ„ÉàÊõø„Åà„Åô„Çì„Åπüá®üá≠üá´üá∑üõ©,https://www.youtube.com/watch?v=dNVafQKAQeU,2023-02-03,09:06:39,OLI OLI„Å®Ê±†Â§ß,UC8fLq-zYGbPsx4yVg7L3kMQ,false
These dates don't tell you when food goes bad,https://www.youtube.com/watch?v=e_ALeZLDCIs,2023-02-03,09:05:21,MinuteFood,UCA0g3liRXdpqyhxiQiE55tA,true